"","id","Civilite","Age","EpouseFrat","ParentsEnf","Classe","Survie","Prix","PortEmbarq","Sexe","Sexe_modif"
"1","id10","Mr",71,0,0,"1",0,"49.5042","C","Homme","Homme"
"2","id100","Mrs",48,1,0,"1",1,"39.6","C","Femme","Femme"
"11","id1008","Miss",15,0,0,"3",1,"8.0292","Q","Femme","Femme"
"12","id1009","Miss",35,0,0,"3",0,"7.75","Q","Femme","Femme"
"13","id101","Mr",49,1,0,"1",1,"56.9292","C","Homme","Homme"
"15","id1011","Mr",24,1,0,"3",0,"16.1","S","Homme","Homme"
"16","id1012","Mrs",19,1,0,"3",0,"16.1","S","Femme","Femme"
"20","id1016","Mr",55.5,0,0,"3",0,"8.05","S","Homme","Homme"
"22","id1018","Mr",21,0,0,"3",1,"7.775","S","Homme","Homme"
"24","id102","Mr",39,0,0,"1",0,"29.7","C","Homme","Homme"
"25","id1020","Mr",24,0,0,"3",0,"7.8958","S","Homme","Homme"
"26","id1021","Mr",21,0,0,"3",0,"7.8958","S","Homme","Homme"
"27","id1022","Mr",28,0,0,"3",0,"7.8958","S","Homme","Homme"
"30","id1025","Mr",25,0,0,"3",0,"7.65","S","Homme","Homme"
"31","id1026","Master",6,0,1,"3",1,"12.475","S","Homme","Enfant"
"32","id1027","Mrs",27,0,1,"3",1,"12.475","S","Femme","Femme"
"35","id103","Mrs",23,0,1,"1",1,"83.1583","C","Femme","Femme"
"38","id1032","Mr",34,0,0,"3",0,"8.05","S","Homme","Homme"
"46","id104","Miss",38,0,0,"1",1,"227.525","C","Femme","Femme"
"48","id1041","Miss",24,0,0,"3",1,"7.75","Q","Femme","Femme"
"53","id1046","Mr",18,0,0,"3",0,"7.75","S","Homme","Homme"
"54","id1047","Mr",22,0,0,"3",0,"7.8958","S","Homme","Homme"
"55","id1048","Miss",15,0,0,"3",1,"7.225","C","Femme","Femme"
"56","id1049","Miss",1,0,2,"3",1,"15.7417","C","Femme","Enfant"
"57","id105","Miss",54,1,0,"1",1,"78.2667","C","Femme","Femme"
"58","id1050","Mr",20,1,1,"3",1,"15.7417","C","Homme","Homme"
"59","id1051","Mrs",19,1,1,"3",1,"15.7417","C","Femme","Femme"
"60","id1052","Mr",33,0,0,"3",0,"8.05","S","Homme","Homme"
"65","id1057","Master",12,1,0,"3",1,"11.2417","C","Homme","Enfant"
"66","id1058","Miss",14,1,0,"3",1,"11.2417","C","Femme","Femme"
"67","id1059","Miss",29,0,0,"3",0,"7.925","S","Femme","Femme"
"68","id106","Miss",36,0,0,"1",0,"31.6792","C","Femme","Femme"
"69","id1060","Mr",28,0,0,"3",0,"8.05","S","Homme","Homme"
"70","id1061","Miss",18,0,0,"3",1,"7.775","S","Femme","Femme"
"71","id1062","Miss",26,0,0,"3",1,"7.8542","S","Femme","Femme"
"72","id1063","Mr",21,0,0,"3",0,"7.8542","S","Homme","Homme"
"73","id1064","Mr",41,0,0,"3",0,"7.125","S","Homme","Homme"
"74","id1065","Mr",39,0,0,"3",1,"7.925","S","Homme","Homme"
"75","id1066","Mr",21,0,0,"3",0,"7.8","S","Homme","Homme"
"76","id1067","Mr",28.5,0,0,"3",0,"7.2292","C","Homme","Homme"
"77","id1068","Miss",22,0,0,"3",1,"7.75","S","Femme","Femme"
"78","id1069","Mr",61,0,0,"3",0,"6.2375","S","Homme","Homme"
"86","id1076","Mr",23,0,0,"3",0,"9.225","S","Homme","Homme"
"91","id1080","Miss",22,0,0,"3",1,"7.775","S","Femme","Femme"
"94","id1083","Master",9,0,1,"3",1,"3.1708","S","Homme","Enfant"
"95","id1084","Mr",28,0,0,"3",0,"22.525","S","Homme","Homme"
"96","id1085","Mr",42,0,1,"3",0,"8.4042","S","Homme","Homme"
"98","id1087","Miss",31,0,0,"3",0,"7.8542","S","Femme","Femme"
"99","id1088","Mr",28,0,0,"3",0,"7.8542","S","Homme","Homme"
"100","id1089","Mr",32,0,0,"3",1,"7.775","S","Homme","Homme"
"102","id1090","Mr",20,0,0,"3",0,"9.225","S","Homme","Homme"
"103","id1091","Miss",23,0,0,"3",0,"8.6625","S","Femme","Femme"
"104","id1092","Miss",20,0,0,"3",0,"8.6625","S","Femme","Femme"
"105","id1093","Mr",20,0,0,"3",0,"8.6625","S","Homme","Homme"
"106","id1094","Mr",16,0,0,"3",0,"9.2167","S","Homme","Homme"
"107","id1095","Mrs",31,0,0,"3",1,"8.6833","S","Femme","Femme"
"109","id1097","Master",2,3,1,"3",0,"21.075","S","Homme","Enfant"
"110","id1098","Master",6,3,1,"3",0,"21.075","S","Homme","Enfant"
"111","id1099","Miss",3,3,1,"3",0,"21.075","S","Femme","Enfant"
"112","id11","ColM",47,1,0,"1",0,"227.525","C","Homme","Homme"
"113","id110","Mr",36,0,0,"1",1,"26.3875","S","Homme","Homme"
"114","id1100","Miss",8,3,1,"3",0,"21.075","S","Femme","Enfant"
"115","id1101","Mrs",29,0,4,"3",0,"21.075","S","Femme","Femme"
"116","id1102","Master",1,4,1,"3",0,"39.6875","S","Homme","Enfant"
"117","id1103","Master",7,4,1,"3",0,"39.6875","S","Homme","Enfant"
"118","id1104","Master",2,4,1,"3",0,"39.6875","S","Homme","Enfant"
"119","id1105","Mr",16,4,1,"3",0,"39.6875","S","Homme","Homme"
"120","id1106","Mr",14,4,1,"3",0,"39.6875","S","Homme","Homme"
"121","id1107","Mrs",41,0,5,"3",0,"39.6875","S","Femme","Femme"
"122","id1108","Mr",21,0,0,"3",0,"8.6625","S","Homme","Homme"
"123","id1109","Mr",19,0,0,"3",0,"14.5","S","Homme","Homme"
"124","id111","Mr",30,0,0,"1",0,"27.75","C","Homme","Homme"
"126","id1111","Mr",32,0,0,"3",0,"7.8958","S","Homme","Homme"
"127","id1112","Master",0.75,1,1,"3",0,"13.775","S","Homme","Enfant"
"128","id1113","Miss",3,1,1,"3",0,"13.775","S","Femme","Enfant"
"129","id1114","Mrs",26,0,2,"3",0,"13.775","S","Femme","Femme"
"133","id1118","Mr",21,0,0,"3",0,"7.925","S","Homme","Homme"
"134","id1119","Mr",25,0,0,"3",0,"7.925","S","Homme","Homme"
"135","id112","Miss",24,3,2,"1",1,"263","S","Femme","Femme"
"136","id1120","Mr",22,0,0,"3",0,"7.25","S","Homme","Homme"
"137","id1121","Mr",25,1,0,"3",1,"7.775","S","Homme","Homme"
"142","id1126","Mr",24,0,0,"3",0,"8.05","S","Homme","Homme"
"143","id1127","Miss",28,0,0,"3",0,"7.8958","S","Femme","Femme"
"144","id1128","Mr",19,0,0,"3",0,"7.8958","S","Homme","Homme"
"146","id113","Miss",28,3,2,"1",1,"263","S","Femme","Femme"
"147","id1130","Mr",25,1,0,"3",0,"7.775","S","Homme","Homme"
"148","id1131","Miss",18,0,0,"3",0,"7.775","S","Femme","Femme"
"149","id1132","Mr",32,0,0,"3",1,"8.05","S","Homme","Homme"
"151","id1134","Mr",17,0,0,"3",0,"8.6625","S","Homme","Homme"
"152","id1135","Mr",24,0,0,"3",0,"8.6625","S","Homme","Homme"
"157","id114","Miss",23,3,2,"1",1,"263","S","Femme","Femme"
"158","id1140","Mr",38,0,0,"3",0,"7.8958","S","Homme","Homme"
"159","id1141","Mr",21,0,0,"3",0,"8.05","S","Homme","Homme"
"160","id1142","Master",10,4,1,"3",0,"29.125","Q","Homme","Enfant"
"161","id1143","Master",4,4,1,"3",0,"29.125","Q","Homme","Enfant"
"162","id1144","Master",7,4,1,"3",0,"29.125","Q","Homme","Enfant"
"163","id1145","Master",2,4,1,"3",0,"29.125","Q","Homme","Enfant"
"164","id1146","Master",8,4,1,"3",0,"29.125","Q","Homme","Enfant"
"165","id1147","Mrs",39,0,5,"3",0,"29.125","Q","Femme","Femme"
"166","id1148","Miss",22,0,0,"3",0,"39.6875","S","Femme","Femme"
"167","id1149","Mr",35,0,0,"3",0,"7.125","S","Homme","Homme"
"168","id115","Mr",19,3,2,"1",0,"263","S","Homme","Homme"
"172","id1153","Mr",50,1,0,"3",0,"14.5","S","Homme","Homme"
"173","id1154","Mrs",47,1,0,"3",0,"14.5","S","Femme","Femme"
"176","id1157","Miss",2,1,1,"3",0,"20.2125","S","Femme","Enfant"
"177","id1158","Mr",18,1,1,"3",0,"20.2125","S","Homme","Homme"
"178","id1159","Mrs",41,0,2,"3",0,"20.2125","S","Femme","Femme"
"179","id116","Mr",64,1,4,"1",0,"263","S","Homme","Homme"
"181","id1161","Mr",50,0,0,"3",0,"8.05","S","Homme","Homme"
"182","id1162","Mr",16,0,0,"3",0,"8.05","S","Homme","Homme"
"186","id1166","Mr",25,0,0,"3",0,"7.225","C","Homme","Homme"
"190","id117","Mrs",60,1,4,"1",1,"263","S","Femme","Femme"
"191","id1170","Mr",38.5,0,0,"3",0,"7.25","S","Homme","Homme"
"193","id1172","Master",14.5,8,2,"3",0,"69.55","S","Homme","Homme"
"201","id118","Miss",30,0,0,"1",1,"56.9292","C","Femme","Femme"
"204","id1182","Mr",24,0,0,"3",0,"9.325","S","Homme","Homme"
"205","id1183","Miss",21,0,0,"3",1,"7.65","S","Femme","Femme"
"206","id1184","Mr",39,0,0,"3",0,"7.925","S","Homme","Homme"
"210","id1188","Miss",1,1,1,"3",1,"16.7","S","Femme","Enfant"
"211","id1189","Mrs",24,0,2,"3",1,"16.7","S","Femme","Femme"
"213","id1190","Miss",4,1,1,"3",1,"16.7","S","Femme","Enfant"
"214","id1191","Mr",25,0,0,"3",1,"9.5","S","Homme","Homme"
"215","id1192","Mr",20,0,0,"3",0,"8.05","S","Homme","Homme"
"216","id1193","Mr",24.5,0,0,"3",0,"8.05","S","Homme","Homme"
"220","id1197","Mr",29,0,0,"3",1,"9.5","S","Homme","Homme"
"223","id12","Mrs",18,1,0,"1",1,"227.525","C","Femme","Femme"
"224","id120","DrM",50,2,0,"1",1,"133.65","S","Homme","Homme"
"227","id1202","Mr",22,0,0,"3",0,"7.2292","C","Homme","Homme"
"229","id1204","Mr",40,0,0,"3",0,"7.8958","S","Homme","Homme"
"230","id1205","Mr",21,0,0,"3",0,"7.925","S","Homme","Homme"
"231","id1206","Miss",18,0,0,"3",1,"7.4958","S","Femme","Femme"
"232","id1207","Master",4,3,2,"3",0,"27.9","S","Homme","Enfant"
"233","id1208","Master",10,3,2,"3",0,"27.9","S","Homme","Enfant"
"234","id1209","Miss",9,3,2,"3",0,"27.9","S","Femme","Enfant"
"235","id121","Mr",43,1,0,"1",1,"27.7208","C","Homme","Homme"
"236","id1210","Miss",2,3,2,"3",0,"27.9","S","Femme","Enfant"
"237","id1211","Mr",40,1,4,"3",0,"27.9","S","Homme","Homme"
"238","id1212","Mrs",45,1,4,"3",0,"27.9","S","Femme","Femme"
"244","id1218","Mr",19,0,0,"3",0,"7.65","S","Homme","Homme"
"245","id1219","Mr",30,0,0,"3",0,"8.05","S","Homme","Homme"
"248","id1221","Mr",32,0,0,"3",0,"8.05","S","Homme","Homme"
"250","id1223","Mr",33,0,0,"3",0,"8.6625","C","Homme","Homme"
"251","id1224","Miss",23,0,0,"3",1,"7.55","S","Femme","Femme"
"252","id1225","Mr",21,0,0,"3",0,"8.05","S","Homme","Homme"
"253","id1226","Mr",19,0,0,"3",0,"7.8958","S","Homme","Homme"
"254","id1227","Miss",22,0,0,"3",0,"9.8375","S","Femme","Femme"
"255","id1228","Mr",31,0,0,"3",1,"7.925","S","Homme","Homme"
"256","id1229","Mr",27,0,0,"3",0,"8.6625","S","Homme","Homme"
"257","id123","Miss",22,0,2,"1",1,"49.5","C","Femme","Femme"
"258","id1230","Miss",2,0,1,"3",0,"10.4625","S","Femme","Enfant"
"259","id1231","Mrs",29,1,1,"3",0,"10.4625","S","Femme","Femme"
"260","id1232","Mr",16,0,0,"3",1,"8.05","S","Homme","Homme"
"261","id1233","Mr",44,0,0,"3",1,"7.925","S","Homme","Homme"
"262","id1234","Mr",25,0,0,"3",0,"7.05","S","Homme","Homme"
"263","id1235","Mr",74,0,0,"3",0,"7.775","S","Homme","Homme"
"264","id1236","Mr",14,0,0,"3",1,"9.225","S","Homme","Homme"
"265","id1237","Mr",24,0,0,"3",0,"7.7958","S","Homme","Homme"
"266","id1238","Mr",25,0,0,"3",1,"7.7958","S","Homme","Homme"
"267","id1239","Mr",34,0,0,"3",0,"8.05","S","Homme","Homme"
"268","id124","Mr",60,1,1,"1",1,"79.2","C","Homme","Homme"
"269","id1240","Master",0.4167,0,1,"3",1,"8.5167","C","Homme","Enfant"
"273","id1244","Mrs",16,1,1,"3",1,"8.5167","C","Femme","Femme"
"277","id1248","Mr",32,0,0,"3",0,"7.925","S","Homme","Homme"
"279","id125","Mrs",48,1,1,"1",1,"79.2","C","Femme","Femme"
"281","id1251","Mr",30.5,0,0,"3",0,"8.05","S","Homme","Homme"
"282","id1252","Mr",44,0,0,"3",0,"8.05","S","Homme","Homme"
"284","id1254","Mr",25,0,0,"3",1,"0","S","Homme","Homme"
"286","id1256","Master",7,1,1,"3",1,"15.2458","C","Homme","Enfant"
"287","id1257","Miss",9,1,1,"3",1,"15.2458","C","Femme","Enfant"
"288","id1258","Mrs",29,0,2,"3",1,"15.2458","C","Femme","Femme"
"289","id1259","Mr",36,0,0,"3",0,"7.8958","S","Homme","Homme"
"291","id1260","Miss",18,0,0,"3",1,"9.8417","S","Femme","Femme"
"292","id1261","Mrs",63,0,0,"3",1,"9.5875","S","Femme","Femme"
"294","id1263","Master",11.5,1,1,"3",0,"14.5","S","Homme","Enfant"
"295","id1264","Mr",40.5,0,2,"3",0,"14.5","S","Homme","Homme"
"296","id1265","Miss",10,0,2,"3",0,"24.15","S","Femme","Enfant"
"297","id1266","Mr",36,1,1,"3",0,"24.15","S","Homme","Homme"
"298","id1267","Mrs",30,1,1,"3",0,"24.15","S","Femme","Femme"
"300","id1269","Mr",33,0,0,"3",0,"9.5","S","Homme","Homme"
"301","id127","Mr",37,1,0,"1",0,"53.1","S","Homme","Homme"
"302","id1270","Mr",28,0,0,"3",0,"9.5","S","Homme","Homme"
"303","id1271","Mr",28,0,0,"3",0,"9.5","S","Homme","Homme"
"304","id1272","Mr",47,0,0,"3",0,"9","S","Homme","Homme"
"305","id1273","Miss",18,2,0,"3",0,"18","S","Femme","Femme"
"306","id1274","Mr",31,3,0,"3",0,"18","S","Homme","Homme"
"307","id1275","Mr",16,2,0,"3",0,"18","S","Homme","Homme"
"308","id1276","Mrs",31,1,0,"3",0,"18","S","Femme","Femme"
"309","id1277","Mr",22,0,0,"3",1,"7.225","C","Homme","Homme"
"310","id1278","Mr",20,0,0,"3",0,"7.8542","S","Homme","Homme"
"311","id1279","Miss",14,0,0,"3",0,"7.8542","S","Femme","Femme"
"312","id128","Mrs",35,1,0,"1",1,"53.1","S","Femme","Femme"
"313","id1280","Mr",22,0,0,"3",0,"7.8958","S","Homme","Homme"
"314","id1281","Mr",22,0,0,"3",0,"9","S","Homme","Homme"
"318","id1285","Mr",32.5,0,0,"3",0,"9.5","S","Homme","Homme"
"319","id1286","Mrs",38,0,0,"3",1,"7.2292","C","Femme","Femme"
"320","id1287","Mr",51,0,0,"3",0,"7.75","S","Homme","Homme"
"321","id1288","Mr",18,1,0,"3",0,"6.4958","S","Homme","Homme"
"322","id1289","Mr",21,1,0,"3",0,"6.4958","S","Homme","Homme"
"323","id129","Mr",47,0,0,"1",0,"38.5","S","Homme","Homme"
"324","id1290","Mrs",47,1,0,"3",1,"7","S","Femme","Femme"
"328","id1294","Mr",28.5,0,0,"3",0,"16.1","S","Homme","Homme"
"329","id1295","Mr",21,0,0,"3",0,"7.25","S","Homme","Homme"
"330","id1296","Mr",27,0,0,"3",0,"8.6625","S","Homme","Homme"
"332","id1298","Mr",36,0,0,"3",0,"9.5","S","Homme","Homme"
"333","id1299","Mr",27,1,0,"3",0,"14.4542","C","Homme","Homme"
"334","id13","Mme",24,0,0,"1",1,"69.3","C","Femme","Femme"
"335","id130","Miss",35,0,0,"1",1,"211.5","C","Femme","Femme"
"336","id1300","Mrs",15,1,0,"3",1,"14.4542","C","Femme","Femme"
"337","id1301","Mr",45.5,0,0,"3",0,"7.225","C","Homme","Homme"
"340","id1304","Miss",14.5,1,0,"3",0,"14.4542","C","Femme","Femme"
"342","id1306","Mr",26.5,0,0,"3",0,"7.225","C","Homme","Homme"
"343","id1307","Mr",27,0,0,"3",0,"7.225","C","Homme","Homme"
"344","id1308","Mr",29,0,0,"3",0,"7.875","S","Homme","Homme"
"345","id131","Miss",22,0,1,"1",1,"59.4","C","Femme","Femme"
"346","id132","Mrs",45,0,1,"1",1,"59.4","C","Femme","Femme"
"347","id133","Mr",24,0,0,"1",0,"79.2","C","Homme","Homme"
"348","id134","Mr",49,1,0,"1",1,"89.1042","C","Homme","Homme"
"350","id136","Mr",71,0,0,"1",0,"34.6542","C","Homme","Homme"
"351","id137","ColM",53,0,0,"1",1,"28.5","C","Homme","Homme"
"352","id138","Miss",19,0,0,"1",1,"30","S","Femme","Femme"
"353","id139","Mr",38,0,1,"1",0,"153.4625","S","Homme","Homme"
"354","id14","Miss",26,0,0,"1",1,"78.85","S","Femme","Femme"
"355","id140","Mrs",58,0,1,"1",1,"153.4625","S","Femme","Femme"
"356","id141","Mr",23,0,1,"1",1,"63.3583","C","Homme","Homme"
"357","id142","Mrs",45,0,1,"1",1,"63.3583","C","Femme","Femme"
"358","id143","Mr",46,0,0,"1",0,"79.2","C","Homme","Homme"
"359","id144","Mr",25,1,0,"1",1,"55.4417","C","Homme","Homme"
"360","id145","Mrs",25,1,0,"1",1,"55.4417","C","Femme","Femme"
"361","id146","Mr",48,1,0,"1",1,"76.7292","C","Homme","Homme"
"362","id147","Mrs",49,1,0,"1",1,"76.7292","C","Femme","Femme"
"364","id149","Mr",45,1,0,"1",0,"83.475","S","Homme","Homme"
"365","id15","Mr",80,0,0,"1",1,"30","S","Homme","Homme"
"366","id150","Mrs",35,1,0,"1",1,"83.475","S","Femme","Femme"
"367","id151","Mr",40,0,0,"1",0,"0","S","Homme","Homme"
"368","id152","Mr",27,0,0,"1",1,"76.7292","C","Homme","Homme"
"370","id154","Miss",24,0,0,"1",1,"83.1583","C","Femme","Femme"
"371","id155","Mr",55,1,1,"1",0,"93.5","S","Homme","Homme"
"372","id156","Mrs",52,1,1,"1",1,"93.5","S","Femme","Femme"
"373","id157","Mr",42,0,0,"1",0,"42.5","S","Homme","Homme"
"375","id159","Mr",55,0,0,"1",0,"50","S","Homme","Homme"
"377","id160","Miss",16,0,1,"1",1,"57.9792","C","Femme","Femme"
"378","id161","Mrs",44,0,1,"1",1,"57.9792","C","Femme","Femme"
"379","id162","Mrs",51,1,0,"1",1,"77.9583","S","Femme","Femme"
"380","id163","Mr",42,1,0,"1",0,"52","S","Homme","Homme"
"381","id164","Mrs",35,1,0,"1",1,"52","S","Femme","Femme"
"382","id165","Mr",35,0,0,"1",1,"26.55","C","Homme","Homme"
"383","id166","Mr",38,1,0,"1",1,"90","S","Homme","Homme"
"385","id168","Mrs",35,1,0,"1",1,"90","S","Femme","Femme"
"386","id169","Miss",38,0,0,"1",1,"80",NA,"Femme","Femme"
"387","id17","Mr",24,0,1,"1",0,"247.5208","C","Homme","Homme"
"388","id170","Miss",50,0,0,"1",0,"28.7125","C","Femme","Femme"
"389","id171","Mr",49,0,0,"1",1,"0","S","Homme","Homme"
"390","id172","Mr",46,0,0,"1",0,"26","S","Homme","Homme"
"391","id173","Mr",50,0,0,"1",0,"26","S","Homme","Homme"
"392","id174","Mr",32.5,0,0,"1",0,"211.5","C","Homme","Homme"
"393","id175","Mr",58,0,0,"1",0,"29.7","C","Homme","Homme"
"394","id176","Mr",41,1,0,"1",0,"51.8625","S","Homme","Homme"
"396","id178","Mr",42,1,0,"1",1,"52.5542","S","Homme","Homme"
"397","id179","Mrs",45,1,0,"1",1,"52.5542","S","Femme","Femme"
"398","id18","Mrs",50,0,1,"1",1,"247.5208","C","Femme","Femme"
"400","id181","Miss",39,0,0,"1",1,"211.3375","S","Femme","Femme"
"401","id182","DrF",49,0,0,"1",1,"25.9292","S","Femme","Femme"
"402","id183","Miss",30,0,0,"1",1,"106.425","C","Femme","Femme"
"403","id184","Mr",35,0,0,"1",1,"512.3292","C","Homme","Homme"
"405","id186","Mr",42,0,0,"1",0,"26.55","S","Homme","Homme"
"406","id187","Mrs",55,0,0,"1",1,"27.7208","C","Femme","Femme"
"407","id188","Miss",16,0,1,"1",1,"39.4","S","Femme","Femme"
"408","id189","Mrs",51,0,1,"1",1,"39.4","S","Femme","Femme"
"409","id19","Miss",32,0,0,"1",1,"76.2917","C","Femme","Femme"
"410","id190","Mr",29,0,0,"1",0,"30","S","Homme","Homme"
"411","id191","Miss",21,0,0,"1",1,"77.9583","S","Femme","Femme"
"412","id192","Mr",30,0,0,"1",0,"45.5","S","Homme","Homme"
"413","id193","Miss",58,0,0,"1",1,"146.5208","C","Femme","Femme"
"414","id194","Miss",15,0,1,"1",1,"211.3375","S","Femme","Femme"
"415","id195","Mr",30,0,0,"1",0,"26","S","Homme","Homme"
"416","id196","Miss",16,0,0,"1",1,"86.5","S","Femme","Femme"
"418","id198","Mr",19,1,0,"1",0,"53.1","S","Homme","Homme"
"419","id199","Mrs",18,1,0,"1",1,"53.1","S","Femme","Femme"
"420","id2","Master",0.9167,1,2,"1",1,"151.55","S","Homme","Enfant"
"421","id20","Mr",36,0,0,"1",0,"75.2417","C","Homme","Homme"
"422","id200","Mlle",24,0,0,"1",1,"49.5042","C","Femme","Femme"
"423","id201","Mr",46,0,0,"1",0,"75.2417","C","Homme","Homme"
"424","id202","Mr",54,0,0,"1",0,"51.8625","S","Homme","Homme"
"425","id203","Mr",36,0,0,"1",1,"26.2875","S","Homme","Homme"
"426","id204","Mr",28,1,0,"1",0,"82.1708","C","Homme","Homme"
"428","id206","Mr",65,0,0,"1",0,"26.55","S","Homme","Homme"
"429","id207","DrM",44,2,0,"1",0,"90","Q","Homme","Homme"
"430","id208","Miss",33,1,0,"1",1,"90","Q","Femme","Femme"
"431","id209","Mrs",37,1,0,"1",1,"90","Q","Femme","Femme"
"432","id21","Mr",37,1,1,"1",1,"52.5542","S","Homme","Homme"
"433","id210","Mr",30,1,0,"1",1,"57.75","C","Homme","Homme"
"434","id211","Mr",55,0,0,"1",0,"30.5","S","Homme","Homme"
"435","id212","Mr",47,0,0,"1",0,"42.4","S","Homme","Homme"
"436","id213","Mr",37,0,1,"1",0,"29.7","C","Homme","Homme"
"437","id214","Miss",31,1,0,"1",1,"113.275","C","Femme","Femme"
"438","id215","Miss",23,1,0,"1",1,"113.275","C","Femme","Femme"
"439","id216","Mr",58,0,2,"1",0,"113.275","C","Homme","Homme"
"440","id217","Miss",19,0,2,"1",1,"26.2833","S","Femme","Femme"
"441","id218","Mr",64,0,0,"1",0,"26","S","Homme","Homme"
"442","id219","Dona",39,0,0,"1",1,"108.9","C","Femme","Femme"
"443","id22","Mrs",47,1,1,"1",1,"52.5542","S","Femme","Femme"
"445","id221","Miss",22,0,1,"1",1,"61.9792","C","Femme","Femme"
"446","id222","Mr",65,0,1,"1",0,"61.9792","C","Homme","Homme"
"447","id223","Mr",28.5,0,0,"1",0,"27.7208","C","Homme","Homme"
"449","id225","Mr",45.5,0,0,"1",0,"28.5","S","Homme","Homme"
"450","id226","Mr",23,0,0,"1",0,"93.5","S","Homme","Homme"
"451","id227","Mr",29,1,0,"1",0,"66.6","S","Homme","Homme"
"452","id228","Mrs",22,1,0,"1",1,"66.6","S","Femme","Femme"
"453","id229","Mr",18,1,0,"1",0,"108.9","C","Homme","Homme"
"454","id23","Mr",26,0,0,"1",1,"30","C","Homme","Homme"
"455","id230","Mrs",17,1,0,"1",1,"108.9","C","Femme","Femme"
"456","id231","Miss",30,0,0,"1",1,"93.5","S","Femme","Femme"
"457","id232","Major",52,0,0,"1",1,"30.5","S","Homme","Homme"
"458","id233","Mr",47,0,0,"1",0,"52","S","Homme","Homme"
"459","id234","Mrs",56,0,1,"1",1,"83.1583","C","Femme","Femme"
"460","id235","",38,0,0,"1",0,"0","S","Inconnu","Femme"
"462","id237","Mr",22,0,0,"1",0,"135.6333","C","Homme","Homme"
"464","id239","Mrs",43,0,1,"1",1,"211.3375","S","Femme","Femme"
"465","id24","Miss",42,0,0,"1",1,"227.525","C","Femme","Femme"
"466","id240","Mr",31,0,0,"1",0,"50.4958","S","Homme","Homme"
"467","id241","Mr",45,0,0,"1",1,"26.55","S","Homme","Homme"
"469","id243","Miss",33,0,0,"1",1,"27.7208","C","Femme","Femme"
"470","id244","Mr",46,0,0,"1",0,"79.2","C","Homme","Homme"
"471","id245","Mr",36,0,0,"1",0,"40.125","C","Homme","Homme"
"472","id246","",33,0,0,"1",1,"86.5","S","Inconnu","Femme"
"473","id247","Mr",55,1,0,"1",0,"59.4","C","Homme","Homme"
"474","id248","Mrs",54,1,0,"1",1,"59.4","C","Femme","Femme"
"475","id249","Mr",33,0,0,"1",0,"26.55","S","Homme","Homme"
"476","id25","Miss",29,0,0,"1",1,"221.7792","S","Femme","Femme"
"477","id250","Master",13,2,2,"1",1,"262.375","C","Homme","Homme"
"478","id251","Miss",18,2,2,"1",1,"262.375","C","Femme","Femme"
"479","id252","Miss",21,2,2,"1",1,"262.375","C","Femme","Femme"
"480","id253","Mr",61,1,3,"1",0,"262.375","C","Homme","Homme"
"481","id254","Mrs",48,1,3,"1",1,"262.375","C","Femme","Femme"
"483","id256","Mlle",24,0,0,"1",1,"69.3","C","Femme","Femme"
"485","id258","Mrs",35,1,0,"1",1,"57.75","C","Femme","Femme"
"486","id259","Miss",30,0,0,"1",1,"31","C","Femme","Femme"
"487","id26","Mr",25,0,0,"1",0,"26","C","Homme","Homme"
"488","id260","Mr",34,0,0,"1",1,"26.55","S","Homme","Homme"
"489","id261","Miss",40,0,0,"1",1,"153.4625","S","Femme","Femme"
"490","id262","Mr",35,0,0,"1",1,"26.2875","S","Homme","Homme"
"491","id263","Mr",50,1,0,"1",0,"55.9","S","Homme","Homme"
"492","id264","Mrs",39,1,0,"1",1,"55.9","S","Femme","Femme"
"493","id265","ColM",56,0,0,"1",1,"35.5","C","Homme","Homme"
"494","id266","Mr",28,0,0,"1",1,"35.5","S","Homme","Homme"
"495","id267","Mr",56,0,0,"1",0,"26.55","S","Homme","Homme"
"496","id268","Mr",56,0,0,"1",0,"30.6958","C","Homme","Homme"
"497","id269","Mr",24,1,0,"1",0,"60","S","Homme","Homme"
"498","id27","Mr",25,1,0,"1",1,"91.0792","C","Homme","Homme"
"500","id271","Mrs",18,1,0,"1",1,"60","S","Femme","Femme"
"501","id272","Mr",24,1,0,"1",1,"82.2667","S","Homme","Homme"
"502","id273","Mrs",23,1,0,"1",1,"82.2667","S","Femme","Femme"
"503","id274","Master",6,0,2,"1",1,"134.5","C","Homme","Enfant"
"504","id275","Mr",45,1,1,"1",1,"134.5","C","Homme","Homme"
"505","id276","Mrs",40,1,1,"1",1,"134.5","C","Femme","Femme"
"506","id277","Mr",57,1,0,"1",0,"146.5208","C","Homme","Homme"
"508","id279","DrM",32,0,0,"1",1,"30.5","C","Homme","Homme"
"509","id28","Mrs",19,1,0,"1",1,"91.0792","C","Femme","Femme"
"510","id280","Mr",62,0,0,"1",0,"26.55","S","Homme","Homme"
"511","id281","Mr",54,1,0,"1",1,"55.4417","C","Homme","Homme"
"512","id282","Mrs",43,1,0,"1",1,"55.4417","C","Femme","Femme"
"513","id283","Mrs",52,1,0,"1",1,"78.2667","C","Femme","Femme"
"515","id285","Mrs",62,0,0,"1",1,"80",NA,"Femme","Femme"
"516","id286","Mr",67,1,0,"1",0,"221.7792","S","Homme","Homme"
"517","id287","Mrs",63,1,0,"1",0,"221.7792","S","Femme","Femme"
"518","id288","Mr",61,0,0,"1",0,"32.3208","S","Homme","Homme"
"519","id289","Mrs",48,0,0,"1",1,"25.9292","S","Femme","Femme"
"520","id29","Miss",35,0,0,"1",1,"135.6333","S","Femme","Femme"
"521","id290","Miss",18,0,2,"1",1,"79.65","S","Femme","Femme"
"522","id291","Mr",52,1,1,"1",0,"79.65","S","Homme","Homme"
"523","id292","Mrs",39,1,1,"1",1,"79.65","S","Femme","Femme"
"524","id293","Mr",48,1,0,"1",1,"52","S","Homme","Homme"
"526","id295","Mr",49,1,1,"1",0,"110.8833","C","Homme","Homme"
"527","id296","Mr",17,0,2,"1",1,"110.8833","C","Homme","Homme"
"528","id297","Mrs",39,1,1,"1",1,"110.8833","C","Femme","Femme"
"530","id299","Mr",31,0,0,"1",1,"28.5375","C","Homme","Homme"
"531","id3","Miss",2,1,2,"1",0,"151.55","S","Femme","Enfant"
"532","id30","Mr",28,0,0,"1",1,"26.55","S","Homme","Homme"
"533","id300","",40,0,0,"1",0,"27.7208","C","Inconnu","Femme"
"534","id301","Mr",61,0,0,"1",0,"33.5","S","Homme","Homme"
"535","id302","Mr",47,0,0,"1",0,"34.0208","S","Homme","Homme"
"536","id303","Miss",35,0,0,"1",1,"512.3292","C","Femme","Femme"
"537","id304","Mr",64,1,0,"1",0,"75.25","C","Homme","Homme"
"538","id305","Mrs",60,1,0,"1",1,"75.25","C","Femme","Femme"
"539","id306","ColM",60,0,0,"1",0,"26.55","S","Homme","Homme"
"540","id307","Mr",54,0,1,"1",0,"77.2875","S","Homme","Homme"
"541","id308","Mr",21,0,1,"1",0,"77.2875","S","Homme","Homme"
"542","id309","Mrs",55,0,0,"1",1,"135.6333","C","Femme","Femme"
"543","id31","Mr",45,0,0,"1",0,"35.5","S","Homme","Homme"
"544","id310","Miss",31,0,2,"1",1,"164.8667","S","Femme","Femme"
"545","id311","Mr",57,1,1,"1",0,"164.8667","S","Homme","Homme"
"546","id312","Mrs",45,1,1,"1",1,"164.8667","S","Femme","Femme"
"547","id313","Mr",50,1,1,"1",0,"211.5","C","Homme","Homme"
"548","id314","Mr",27,0,2,"1",0,"211.5","C","Homme","Homme"
"549","id315","Mrs",50,1,1,"1",1,"211.5","C","Femme","Femme"
"550","id316","Miss",21,0,0,"1",1,"26.55","S","Femme","Femme"
"551","id317","Mr",51,0,1,"1",0,"61.3792","C","Homme","Homme"
"552","id318","Mr",21,0,1,"1",1,"61.3792","C","Homme","Homme"
"554","id32","Mr",40,0,0,"1",1,"31","C","Homme","Homme"
"555","id320","Miss",31,0,0,"1",1,"134.5","C","Femme","Femme"
"557","id322","Mr",62,0,0,"1",0,"26.55","S","Homme","Homme"
"558","id323","Miss",36,0,0,"1",1,"135.6333","C","Femme","Femme"
"559","id324","Mr",30,1,0,"2",0,"24","C","Homme","Homme"
"560","id325","Mrs",28,1,0,"2",1,"24","C","Femme","Femme"
"561","id326","Mr",30,0,0,"2",0,"13","S","Homme","Homme"
"562","id327","Mr",18,0,0,"2",0,"11.5","S","Homme","Homme"
"563","id328","Mr",25,0,0,"2",0,"10.5","S","Homme","Homme"
"564","id329","Mr",34,1,0,"2",0,"26","S","Homme","Homme"
"565","id33","Miss",30,0,0,"1",1,"164.8667","S","Femme","Femme"
"566","id330","Mrs",36,1,0,"2",1,"26","S","Femme","Femme"
"567","id331","Mr",57,0,0,"2",0,"13","S","Homme","Homme"
"568","id332","Mr",18,0,0,"2",0,"11.5","S","Homme","Homme"
"569","id333","Mr",23,0,0,"2",0,"10.5","S","Homme","Homme"
"570","id334","Mrs",36,0,0,"2",1,"13","S","Femme","Femme"
"571","id335","Mr",28,0,0,"2",0,"10.5","S","Homme","Homme"
"572","id336","Rev",51,0,0,"2",0,"12.525","S","Homme","Homme"
"573","id337","Mr",32,1,0,"2",1,"26","S","Homme","Homme"
"574","id338","Mrs",19,1,0,"2",1,"26","S","Femme","Femme"
"575","id339","Mr",28,0,0,"2",0,"26","S","Homme","Homme"
"576","id34","Miss",58,0,0,"1",1,"26.55","S","Femme","Femme"
"577","id340","Master",1,2,1,"2",1,"39","S","Homme","Enfant"
"578","id341","Miss",4,2,1,"2",1,"39","S","Femme","Enfant"
"579","id342","Miss",12,2,1,"2",1,"39","S","Femme","Enfant"
"580","id343","Mrs",36,0,3,"2",1,"39","S","Femme","Femme"
"581","id344","Mr",34,0,0,"2",1,"13","S","Homme","Homme"
"582","id345","Miss",19,0,0,"2",1,"13","S","Femme","Femme"
"583","id346","Mr",23,0,0,"2",0,"13","S","Homme","Homme"
"584","id347","Mr",26,0,0,"2",0,"13","S","Homme","Homme"
"585","id348","Mr",42,0,0,"2",0,"13","S","Homme","Homme"
"586","id349","Mr",27,0,0,"2",0,"13","S","Homme","Homme"
"587","id35","Mr",42,0,0,"1",0,"26.55","S","Homme","Homme"
"588","id350","Miss",24,0,0,"2",1,"13","S","Femme","Femme"
"589","id351","Miss",15,0,2,"2",1,"39","S","Femme","Femme"
"590","id352","Mr",60,1,1,"2",0,"39","S","Homme","Homme"
"591","id353","Mrs",40,1,1,"2",1,"39","S","Femme","Femme"
"592","id354","Miss",20,1,0,"2",1,"26","S","Femme","Femme"
"593","id355","Mr",25,1,0,"2",0,"26","S","Homme","Homme"
"594","id356","Miss",36,0,0,"2",1,"13","S","Femme","Femme"
"595","id357","Mr",25,0,0,"2",0,"13","S","Homme","Homme"
"596","id358","Rev",42,0,0,"2",0,"13","S","Homme","Homme"
"597","id359","Mrs",42,0,0,"2",1,"13","S","Femme","Femme"
"598","id36","Miss",45,0,0,"1",1,"262.375","C","Femme","Femme"
"599","id360","Master",0.8333,0,2,"2",1,"29","S","Homme","Enfant"
"600","id361","Mr",26,1,1,"2",1,"29","S","Homme","Homme"
"601","id362","Mrs",22,1,1,"2",1,"29","S","Femme","Femme"
"602","id363","Miss",35,0,0,"2",1,"21","S","Femme","Femme"
"604","id365","Mr",19,0,0,"2",0,"13","S","Homme","Homme"
"605","id366","Mrs",44,1,0,"2",0,"26","S","Femme","Femme"
"606","id367","Rev",54,1,0,"2",0,"26","S","Homme","Homme"
"607","id368","Mr",52,0,0,"2",0,"13.5","S","Homme","Homme"
"608","id369","Mr",37,1,0,"2",0,"26","S","Homme","Homme"
"609","id37","Miss",22,0,1,"1",1,"55","S","Femme","Femme"
"610","id370","Mrs",29,1,0,"2",0,"26","S","Femme","Femme"
"611","id371","Miss",25,1,1,"2",1,"30","S","Femme","Femme"
"612","id372","Mrs",45,0,2,"2",1,"30","S","Femme","Femme"
"613","id373","Mr",29,1,0,"2",0,"26","S","Homme","Homme"
"614","id374","Mrs",28,1,0,"2",1,"26","S","Femme","Femme"
"615","id375","ColM",29,0,0,"2",0,"10.5","S","Homme","Homme"
"616","id376","ColM",28,0,0,"2",0,"13","S","Homme","Homme"
"617","id377","ColM",24,0,0,"2",1,"10.5","S","Homme","Homme"
"618","id378","ColF",8,0,2,"2",1,"26.25","S","Femme","Enfant"
"619","id379","ColM",31,1,1,"2",0,"26.25","S","Homme","Homme"
"621","id380","ColF",31,1,1,"2",1,"26.25","S","Femme","Femme"
"622","id381","Mrs",22,0,0,"2",1,"10.5","S","Femme","Femme"
"623","id382","ColF",30,0,0,"2",0,"13","S","Femme","Femme"
"625","id384","Mr",21,0,0,"2",0,"11.5","S","Homme","Homme"
"627","id386","Master",8,1,1,"2",1,"36.75","S","Homme","Enfant"
"628","id387","Mr",18,0,0,"2",0,"73.5","S","Homme","Homme"
"629","id388","Mrs",48,0,2,"2",1,"36.75","S","Femme","Femme"
"630","id389","Miss",28,0,0,"2",1,"13","S","Femme","Femme"
"631","id39","Mr",41,0,0,"1",0,"30.5","S","Homme","Homme"
"632","id390","Mr",32,0,0,"2",0,"13","S","Homme","Homme"
"633","id391","Mr",17,0,0,"2",0,"73.5","S","Homme","Homme"
"634","id392","Mr",29,1,0,"2",0,"27.7208","C","Homme","Homme"
"635","id393","Mrs",24,1,0,"2",1,"27.7208","C","Femme","Femme"
"636","id394","Mr",25,0,0,"2",0,"31.5","S","Homme","Homme"
"637","id395","Mr",18,0,0,"2",0,"73.5","S","Homme","Homme"
"638","id396","Miss",18,0,1,"2",1,"23","S","Femme","Femme"
"639","id397","Mrs",34,0,1,"2",1,"23","S","Femme","Femme"
"640","id398","Mr",54,0,0,"2",0,"26","S","Homme","Homme"
"641","id399","DrM",8,0,2,"2",1,"32.5","S","Homme","Enfant"
"642","id4","Mr",30,1,2,"1",0,"151.55","S","Homme","Homme"
"643","id40","Mr",48,0,0,"1",0,"50.4958","C","Homme","Homme"
"644","id400","DrM",42,1,1,"2",0,"32.5","S","Homme","Homme"
"645","id401","DrF",34,1,1,"2",1,"32.5","S","Femme","Femme"
"646","id402","Miss",27,1,0,"2",1,"13.8583","C","Femme","Femme"
"647","id403","Miss",30,1,0,"2",1,"13.8583","C","Femme","Femme"
"648","id404","Mr",23,0,0,"2",0,"13","S","Homme","Homme"
"649","id405","Mr",21,0,0,"2",0,"13","S","Homme","Homme"
"650","id405","Mr",21,0,0,"2",0,"13","S","Homme","Homme"
"651","id406","Mr",18,0,0,"2",0,"13","S","Homme","Homme"
"652","id407","Mr",40,1,0,"2",0,"26","S","Homme","Homme"
"653","id408","Mrs",29,1,0,"2",1,"26","S","Femme","Femme"
"654","id409","Mr",18,0,0,"2",0,"10.5","S","Homme","Homme"
"656","id410","Mr",36,0,0,"2",0,"13","S","Homme","Homme"
"658","id412","Miss",38,0,0,"2",0,"13","S","Femme","Femme"
"659","id413","Mr",35,0,0,"2",0,"26","S","Homme","Homme"
"660","id414","Mr",38,1,0,"2",0,"21","S","Homme","Homme"
"661","id415","Mr",34,1,0,"2",0,"21","S","Homme","Homme"
"662","id416","Miss",34,0,0,"2",1,"13","S","Femme","Femme"
"663","id417","Mr",16,0,0,"2",0,"26","S","Homme","Homme"
"664","id418","Mr",26,0,0,"2",0,"10.5","S","Homme","Homme"
"665","id419","Mr",47,0,0,"2",0,"10.5","S","Homme","Homme"
"666","id42","Mrs",44,0,0,"1",1,"27.7208","C","Femme","Femme"
"667","id420","Mr",21,1,0,"2",0,"11.5","S","Homme","Homme"
"668","id421","Mr",21,1,0,"2",0,"11.5","S","Homme","Homme"
"669","id422","Mr",24,0,0,"2",0,"13.5","S","Homme","Homme"
"670","id423","Mr",24,0,0,"2",0,"13","S","Homme","Homme"
"671","id424","Mr",34,0,0,"2",0,"13","S","Homme","Homme"
"672","id425","Mr",30,0,0,"2",0,"13","S","Homme","Homme"
"673","id426","Mr",52,0,0,"2",0,"13","S","Homme","Homme"
"674","id427","Mr",30,0,0,"2",0,"13","S","Homme","Homme"
"675","id428","Master",0.6667,1,1,"2",1,"14.5","S","Homme","Enfant"
"676","id429","Mrs",24,0,2,"2",1,"14.5","S","Femme","Femme"
"677","id43","Mrs",59,2,0,"1",1,"51.4792","S","Femme","Femme"
"678","id430","Mr",44,0,0,"2",0,"13","S","Homme","Homme"
"679","id431","Miss",6,0,1,"2",1,"33","S","Femme","Enfant"
"680","id432","Rev",28,0,1,"2",0,"33","S","Homme","Homme"
"681","id433","Mr",62,0,0,"2",1,"10.5","S","Homme","Homme"
"682","id434","Mr",30,0,0,"2",0,"10.5","S","Homme","Homme"
"683","id435","Miss",7,0,2,"2",1,"26.25","S","Femme","Enfant"
"684","id436","Mr",43,1,1,"2",0,"26.25","S","Homme","Homme"
"685","id437","Mrs",45,1,1,"2",1,"26.25","S","Femme","Femme"
"686","id438","Miss",24,1,2,"2",1,"65","S","Femme","Femme"
"687","id439","Miss",24,1,2,"2",1,"65","S","Femme","Femme"
"688","id44","Mrs",60,0,0,"1",1,"76.2917","C","Femme","Femme"
"689","id440","Mr",49,1,2,"2",0,"65","S","Homme","Homme"
"690","id441","Mrs",48,1,2,"2",1,"65","S","Femme","Femme"
"691","id442","Mrs",55,0,0,"2",1,"16","S","Femme","Femme"
"692","id443","Mr",24,2,0,"2",0,"73.5","S","Homme","Homme"
"693","id444","Mr",32,2,0,"2",0,"73.5","S","Homme","Homme"
"694","id445","Mr",21,2,0,"2",0,"73.5","S","Homme","Homme"
"695","id446","Miss",18,1,1,"2",0,"13","S","Femme","Femme"
"696","id447","Miss",20,2,1,"2",1,"23","S","Femme","Femme"
"697","id448","Mr",23,2,1,"2",0,"11.5","S","Homme","Homme"
"698","id449","Mr",36,0,0,"2",0,"13","S","Homme","Homme"
"699","id45","Miss",41,0,0,"1",1,"134.5","C","Femme","Femme"
"700","id450","Mrs",54,1,3,"2",1,"23","S","Femme","Femme"
"701","id451","Mr",50,0,0,"2",0,"13","S","Homme","Homme"
"702","id452","Mr",44,1,0,"2",0,"26","S","Homme","Homme"
"703","id453","Mrs",29,1,0,"2",1,"26","S","Femme","Femme"
"704","id454","Mr",21,0,0,"2",0,"73.5","S","Homme","Homme"
"705","id455","Mr",42,0,0,"2",1,"13","S","Homme","Homme"
"706","id456","Mr",63,1,0,"2",0,"26","S","Homme","Homme"
"707","id457","Mrs",60,1,0,"2",0,"26","S","Femme","Femme"
"708","id458","Mr",33,0,0,"2",0,"12.275","S","Homme","Homme"
"709","id459","Miss",17,0,0,"2",1,"10.5","S","Femme","Femme"
"710","id46","Major",45,0,0,"1",0,"26.55","S","Homme","Homme"
"711","id460","Mr",42,1,0,"2",0,"27","S","Homme","Homme"
"712","id461","Mrs",24,2,1,"2",1,"27","S","Femme","Femme"
"713","id462","Mr",47,0,0,"2",0,"15","S","Homme","Homme"
"714","id463","Mr",24,2,0,"2",0,"31.5","S","Homme","Homme"
"715","id464","Mr",22,2,0,"2",0,"31.5","S","Homme","Homme"
"716","id465","Mr",32,0,0,"2",0,"10.5","S","Homme","Homme"
"717","id466","Mrs",23,0,0,"2",1,"13.7917","C","Femme","Femme"
"718","id467","Mr",34,1,0,"2",0,"26","S","Homme","Homme"
"719","id468","Mrs",24,1,0,"2",1,"26","S","Femme","Femme"
"720","id469","Mrs",22,0,0,"2",0,"21","S","Femme","Femme"
"723","id471","Mr",35,0,0,"2",0,"12.35","Q","Homme","Homme"
"724","id472","Mrs",45,0,0,"2",1,"13.5","S","Femme","Femme"
"725","id473","Rev",57,0,0,"2",0,"12.35","Q","Homme","Homme"
"727","id475","Mr",31,0,0,"2",0,"10.5","S","Homme","Homme"
"728","id476","Mrs",26,1,1,"2",0,"26","S","Femme","Femme"
"729","id477","Rev",30,1,1,"2",0,"26","S","Homme","Homme"
"731","id479","Miss",1,1,2,"2",1,"41.5792","C","Femme","Enfant"
"732","id48","Mr",42,0,0,"1",1,"26.2875","S","Homme","Homme"
"733","id480","Miss",3,1,2,"2",1,"41.5792","C","Femme","Enfant"
"734","id481","Mr",25,1,2,"2",0,"41.5792","C","Homme","Homme"
"735","id482","Mrs",22,1,2,"2",1,"41.5792","C","Femme","Femme"
"736","id483","Miss",17,0,0,"2",1,"12","C","Femme","Femme"
"738","id485","Mrs",34,0,0,"2",1,"10.5","S","Femme","Femme"
"739","id486","Mr",36,0,0,"2",0,"12.875","C","Homme","Homme"
"740","id487","Mr",24,0,0,"2",0,"10.5","S","Homme","Homme"
"741","id488","Mr",61,0,0,"2",0,"12.35","Q","Homme","Homme"
"742","id489","Mr",50,1,0,"2",0,"26","S","Homme","Homme"
"743","id49","Mrs",53,0,0,"1",1,"27.4458","C","Femme","Femme"
"744","id490","Mrs",42,1,0,"2",1,"26","S","Femme","Femme"
"745","id491","Mrs",57,0,0,"2",0,"10.5","S","Femme","Femme"
"747","id493","Master",1,0,2,"2",1,"37.0042","C","Homme","Enfant"
"748","id494","Mr",31,1,1,"2",0,"37.0042","C","Homme","Homme"
"749","id495","Mrs",24,1,1,"2",1,"37.0042","C","Femme","Femme"
"751","id497","Mr",30,0,0,"2",0,"13","S","Homme","Homme"
"752","id498","Mr",40,0,0,"2",0,"16","S","Homme","Homme"
"753","id499","Mr",32,0,0,"2",0,"13.5","S","Homme","Homme"
"754","id5","Mrs",25,1,2,"1",0,"151.55","S","Femme","Femme"
"755","id50","DrM",36,0,1,"1",1,"512.3292","C","Homme","Homme"
"756","id500","Mr",30,0,0,"2",0,"13","S","Homme","Homme"
"757","id501","Mr",46,0,0,"2",0,"26","S","Homme","Homme"
"758","id502","Miss",13,0,1,"2",1,"19.5","S","Femme","Femme"
"759","id503","Mrs",41,0,1,"2",1,"19.5","S","Femme","Femme"
"760","id504","Mr",19,0,0,"2",1,"10.5","S","Homme","Homme"
"761","id505","Mr",39,0,0,"2",0,"13","S","Homme","Homme"
"762","id506","Mr",48,0,0,"2",0,"13","S","Homme","Homme"
"763","id507","Mr",70,0,0,"2",0,"10.5","S","Homme","Homme"
"764","id508","Rev",27,0,0,"2",0,"13","S","Homme","Homme"
"765","id509","DrM",54,0,0,"2",0,"14","S","Homme","Homme"
"766","id51","DrF",58,0,1,"1",1,"512.3292","C","Femme","Femme"
"767","id510","Mr",39,0,0,"2",0,"26","S","Homme","Homme"
"768","id511","Mr",16,0,0,"2",0,"10.5","S","Homme","Homme"
"769","id512","Mr",62,0,0,"2",0,"9.6875","Q","Homme","Homme"
"770","id513","Mr",32.5,1,0,"2",0,"30.0708","C","Homme","Homme"
"771","id514","Mrs",14,1,0,"2",1,"30.0708","C","Femme","Femme"
"772","id515","Master",2,1,1,"2",1,"26","S","Homme","Enfant"
"773","id516","Master",3,1,1,"2",1,"26","S","Homme","Enfant"
"774","id517","Mr",36.5,0,2,"2",0,"26","S","Homme","Homme"
"775","id518","Mr",26,0,0,"2",0,"13","S","Homme","Homme"
"776","id519","Mr",19,1,1,"2",0,"36.75","S","Homme","Homme"
"777","id52","Mr",33,0,0,"1",0,"5","S","Homme","Homme"
"778","id520","Mr",28,0,0,"2",0,"13.5","S","Homme","Homme"
"779","id521","DrM",20,0,0,"2",1,"13.8625","C","Homme","Homme"
"780","id522","Mrs",29,0,0,"2",1,"10.5","S","Femme","Femme"
"781","id523","Mr",39,0,0,"2",0,"13","S","Homme","Homme"
"782","id524","Mr",22,0,0,"2",1,"10.5","S","Homme","Homme"
"784","id526","DrM",23,0,0,"2",0,"10.5","S","Homme","Homme"
"785","id527","Mr",29,0,0,"2",1,"13.8583","C","Homme","Homme"
"786","id528","Mr",28,0,0,"2",0,"10.5","S","Homme","Homme"
"788","id53","Mr",28,0,0,"1",0,"47.1","S","Homme","Homme"
"789","id530","Mrs",50,0,1,"2",1,"26","S","Femme","Femme"
"790","id531","Mr",19,0,0,"2",0,"10.5","S","Homme","Homme"
"792","id533","Rev",41,0,0,"2",0,"13","S","Homme","Homme"
"793","id534","Miss",21,0,1,"2",1,"21","S","Femme","Femme"
"794","id535","Mrs",19,0,0,"2",1,"26","S","Femme","Femme"
"795","id536","Mr",43,0,1,"2",0,"21","S","Homme","Homme"
"796","id537","Mrs",32,0,0,"2",1,"13","S","Femme","Femme"
"797","id538","Mr",34,0,0,"2",0,"13","S","Homme","Homme"
"798","id539","Mr",30,0,0,"2",1,"12.7375","C","Homme","Homme"
"799","id54","Mr",17,0,0,"1",0,"47.1","S","Homme","Homme"
"800","id540","Mr",27,0,0,"2",0,"15.0333","C","Homme","Homme"
"801","id541","Miss",2,1,1,"2",1,"26","S","Femme","Enfant"
"802","id542","Miss",8,1,1,"2",1,"26","S","Femme","Enfant"
"803","id543","Mrs",33,0,2,"2",1,"26","S","Femme","Femme"
"804","id544","Mr",36,0,0,"2",0,"10.5","S","Homme","Homme"
"805","id545","Mr",34,1,0,"2",0,"21","S","Homme","Homme"
"806","id546","Mrs",30,3,0,"2",1,"21","S","Femme","Femme"
"807","id547","Ms",28,0,0,"2",1,"13","S","Femme","Femme"
"808","id548","Mr",23,0,0,"2",0,"15.0458","C","Homme","Homme"
"809","id549","Master",0.8333,1,1,"2",1,"18.75","S","Homme","Enfant"
"810","id55","Master",11,1,2,"1",1,"120","S","Homme","Enfant"
"811","id550","Master",3,1,1,"2",1,"18.75","S","Homme","Enfant"
"812","id551","Mrs",24,2,3,"2",1,"18.75","S","Femme","Femme"
"813","id552","Miss",50,0,0,"2",1,"10.5","S","Femme","Femme"
"814","id553","Mr",19,0,0,"2",0,"10.5","S","Homme","Homme"
"815","id554","Miss",21,0,0,"2",1,"10.5","S","Femme","Femme"
"816","id555","Mr",26,0,0,"2",0,"13","S","Homme","Homme"
"817","id556","Mr",25,0,0,"2",0,"13","S","Homme","Homme"
"818","id557","Mr",27,0,0,"2",0,"26","S","Homme","Homme"
"819","id558","Mrs",25,0,1,"2",1,"26","S","Femme","Femme"
"820","id559","Miss",18,0,2,"2",1,"13","S","Femme","Femme"
"821","id56","Miss",14,1,2,"1",1,"120","S","Femme","Femme"
"822","id560","Miss",20,0,0,"2",1,"36.75","S","Femme","Femme"
"823","id561","Miss",30,0,0,"2",1,"13","S","Femme","Femme"
"824","id562","Mr",59,0,0,"2",0,"13.5","S","Homme","Homme"
"825","id563","Miss",30,0,0,"2",1,"12.35","Q","Femme","Femme"
"826","id564","Mr",35,0,0,"2",0,"10.5","S","Homme","Homme"
"827","id565","Miss",40,0,0,"2",1,"13","S","Femme","Femme"
"828","id566","Mr",25,0,0,"2",0,"13","S","Homme","Homme"
"829","id567","Mr",41,0,0,"2",0,"15.0458","C","Homme","Homme"
"830","id568","Mr",25,0,0,"2",0,"10.5","S","Homme","Homme"
"831","id569","Mr",18.5,0,0,"2",0,"13","S","Homme","Homme"
"832","id57","Mr",36,1,2,"1",1,"120","S","Homme","Homme"
"833","id570","Mr",14,0,0,"2",0,"65","S","Homme","Homme"
"834","id571","Miss",50,0,0,"2",1,"10.5","S","Femme","Femme"
"835","id572","Mr",23,0,0,"2",0,"13","S","Homme","Homme"
"836","id573","Mrs",28,0,0,"2",1,"12.65","S","Femme","Femme"
"837","id574","Miss",27,0,0,"2",1,"10.5","S","Femme","Femme"
"838","id575","Mr",29,1,0,"2",0,"21","S","Homme","Homme"
"839","id576","Mrs",27,1,0,"2",0,"21","S","Femme","Femme"
"840","id577","Mr",40,0,0,"2",0,"13","S","Homme","Homme"
"841","id578","Miss",31,0,0,"2",1,"21","S","Femme","Femme"
"842","id579","Mr",30,1,0,"2",0,"21","S","Homme","Homme"
"843","id58","Mrs",36,1,2,"1",1,"120","S","Femme","Femme"
"844","id580","Mr",23,1,0,"2",0,"10.5","S","Homme","Homme"
"845","id581","Mrs",31,0,0,"2",1,"21","S","Femme","Femme"
"847","id583","Miss",12,0,0,"2",1,"15.75","S","Femme","Enfant"
"848","id584","Mrs",40,0,0,"2",1,"15.75","S","Femme","Femme"
"849","id585","Miss",32.5,0,0,"2",1,"13","S","Femme","Femme"
"850","id586","Mr",27,1,0,"2",0,"26","S","Homme","Homme"
"851","id587","Mrs",29,1,0,"2",1,"26","S","Femme","Femme"
"852","id588","Master",2,1,1,"2",1,"23","S","Homme","Enfant"
"853","id589","Miss",4,1,1,"2",1,"23","S","Femme","Enfant"
"854","id59","Mr",49,0,0,"1",0,"26","S","Homme","Homme"
"855","id590","Mrs",29,0,2,"2",1,"23","S","Femme","Femme"
"856","id591","Miss",0.9167,1,2,"2",1,"27.75","S","Femme","Enfant"
"857","id592","Miss",5,1,2,"2",1,"27.75","S","Femme","Enfant"
"858","id593","Mr",36,1,2,"2",0,"27.75","S","Homme","Homme"
"859","id594","Mrs",33,1,2,"2",1,"27.75","S","Femme","Femme"
"860","id595","Mr",66,0,0,"2",0,"10.5","S","Homme","Homme"
"862","id597","Mr",31,0,0,"2",1,"13","S","Homme","Homme"
"864","id599","Miss",26,0,0,"2",1,"13.5","S","Femme","Femme"
"865","id6","Mr",48,0,0,"1",1,"26.55","S","Homme","Homme"
"867","id600","Mrs",24,0,0,"2",0,"13","S","Femme","Femme"
"868","id601","Mr",42,0,0,"3",0,"7.55","S","Homme","Homme"
"869","id602","Master",13,0,2,"3",0,"20.25","S","Homme","Homme"
"870","id603","Mr",16,1,1,"3",0,"20.25","S","Homme","Homme"
"871","id604","Mrs",35,1,1,"3",1,"20.25","S","Femme","Femme"
"872","id605","Miss",16,0,0,"3",1,"7.65","S","Femme","Femme"
"873","id606","Mr",25,0,0,"3",1,"7.65","S","Homme","Homme"
"874","id607","Mr",20,0,0,"3",1,"7.925","S","Homme","Homme"
"875","id608","Mrs",18,0,0,"3",1,"7.2292","C","Femme","Femme"
"876","id609","Mr",30,0,0,"3",0,"7.25","S","Homme","Homme"
"877","id61","Mr",36,1,0,"1",0,"78.85","S","Homme","Homme"
"878","id610","Mr",26,0,0,"3",0,"8.05","S","Homme","Homme"
"879","id611","Mrs",40,1,0,"3",0,"9.475","S","Femme","Femme"
"880","id612","Master",0.8333,0,1,"3",1,"9.35","S","Homme","Enfant"
"881","id613","Mrs",18,0,1,"3",1,"9.35","S","Femme","Femme"
"882","id614","Mr",26,0,0,"3",1,"18.7875","C","Homme","Homme"
"883","id615","Mr",26,0,0,"3",0,"7.8875","S","Homme","Homme"
"884","id616","Mr",20,0,0,"3",0,"7.925","S","Homme","Homme"
"885","id617","Mr",24,0,0,"3",0,"7.05","S","Homme","Homme"
"886","id618","Mr",25,0,0,"3",0,"7.05","S","Homme","Homme"
"887","id619","Mr",35,0,0,"3",0,"8.05","S","Homme","Homme"
"888","id62","Mrs",76,1,0,"1",1,"78.85","S","Femme","Femme"
"889","id620","Mr",18,0,0,"3",0,"8.3","S","Homme","Homme"
"890","id621","Mr",32,0,0,"3",0,"22.525","S","Homme","Homme"
"891","id622","Miss",19,1,0,"3",1,"7.8542","S","Femme","Femme"
"892","id623","Master",4,4,2,"3",0,"31.275","S","Homme","Enfant"
"893","id624","Miss",6,4,2,"3",0,"31.275","S","Femme","Enfant"
"894","id625","Miss",2,4,2,"3",0,"31.275","S","Femme","Enfant"
"895","id626","Miss",17,4,2,"3",1,"7.925","S","Femme","Femme"
"896","id627","Miss",38,4,2,"3",0,"7.775","S","Femme","Femme"
"897","id628","Miss",9,4,2,"3",0,"31.275","S","Femme","Enfant"
"898","id629","Miss",11,4,2,"3",0,"31.275","S","Femme","Enfant"
"899","id63","Mr",46,1,0,"1",0,"61.175","S","Homme","Homme"
"900","id630","Mr",39,1,5,"3",0,"31.275","S","Homme","Homme"
"901","id631","Mr",27,0,0,"3",1,"7.7958","S","Homme","Homme"
"902","id632","Mr",26,0,0,"3",0,"7.775","S","Homme","Homme"
"903","id633","Mrs",39,1,5,"3",0,"31.275","S","Femme","Femme"
"904","id634","Mr",20,0,0,"3",0,"7.8542","S","Homme","Homme"
"905","id635","Mr",26,0,0,"3",0,"7.8958","S","Homme","Homme"
"906","id636","Mr",25,1,0,"3",0,"17.8","S","Homme","Homme"
"907","id637","Mrs",18,1,0,"3",0,"17.8","S","Femme","Femme"
"908","id638","Mr",24,0,0,"3",0,"7.775","S","Homme","Homme"
"909","id639","Mr",35,0,0,"3",0,"7.05","S","Homme","Homme"
"910","id64","Mrs",47,1,0,"1",1,"61.175","S","Femme","Femme"
"911","id640","Master",5,4,2,"3",0,"31.3875","S","Homme","Enfant"
"912","id641","Master",9,4,2,"3",0,"31.3875","S","Homme","Enfant"
"913","id642","Master",3,4,2,"3",1,"31.3875","S","Homme","Enfant"
"914","id643","Master",13,4,2,"3",0,"31.3875","S","Homme","Homme"
"915","id644","Miss",5,4,2,"3",1,"31.3875","S","Femme","Enfant"
"916","id645","Mr",40,1,5,"3",0,"31.3875","S","Homme","Homme"
"917","id646","Mr",23,0,0,"3",1,"7.7958","S","Homme","Homme"
"918","id647","Mrs",38,1,5,"3",1,"31.3875","S","Femme","Femme"
"919","id648","Mrs",45,0,0,"3",1,"7.225","C","Femme","Femme"
"920","id649","Mr",21,0,0,"3",0,"7.225","C","Homme","Homme"
"921","id65","Mr",27,1,0,"1",1,"53.1","S","Homme","Homme"
"922","id650","Mr",23,0,0,"3",0,"7.05","S","Homme","Homme"
"923","id651","Miss",17,0,0,"3",0,"14.4583","C","Femme","Femme"
"924","id652","Mr",30,0,0,"3",0,"7.225","C","Homme","Homme"
"925","id653","Mr",23,0,0,"3",0,"7.8542","S","Homme","Homme"
"926","id654","Miss",13,0,0,"3",1,"7.2292","C","Femme","Femme"
"927","id655","Mr",20,0,0,"3",0,"7.225","C","Homme","Homme"
"928","id656","Mr",32,1,0,"3",0,"15.85","S","Homme","Homme"
"929","id657","Mrs",33,3,0,"3",1,"15.85","S","Femme","Femme"
"930","id658","Miss",0.75,2,1,"3",1,"19.2583","C","Femme","Enfant"
"931","id659","Miss",0.75,2,1,"3",1,"19.2583","C","Femme","Enfant"
"932","id66","Mrs",33,1,0,"1",1,"53.1","S","Femme","Femme"
"933","id660","Miss",5,2,1,"3",1,"19.2583","C","Femme","Enfant"
"934","id661","Mrs",24,0,3,"3",1,"19.2583","C","Femme","Femme"
"935","id662","Miss",18,0,0,"3",1,"8.05","S","Femme","Femme"
"936","id663","Mr",40,0,0,"3",0,"7.225","C","Homme","Homme"
"937","id664","Mr",26,0,0,"3",0,"7.8958","S","Homme","Homme"
"938","id665","Mr",20,0,0,"3",1,"7.2292","C","Homme","Homme"
"939","id666","Miss",18,0,1,"3",0,"14.4542","C","Femme","Femme"
"940","id667","Mrs",45,0,1,"3",0,"14.4542","C","Femme","Femme"
"941","id668","Miss",27,0,0,"3",0,"7.8792","Q","Femme","Femme"
"942","id669","Mr",22,0,0,"3",0,"8.05","S","Homme","Homme"
"943","id67","Miss",36,0,0,"1",1,"262.375","C","Femme","Femme"
"944","id670","Mr",19,0,0,"3",0,"8.05","S","Homme","Homme"
"945","id671","Mr",26,0,0,"3",0,"7.775","S","Homme","Homme"
"946","id672","Mr",22,0,0,"3",0,"9.35","S","Homme","Homme"
"948","id674","Mr",20,0,0,"3",0,"4.0125","C","Homme","Homme"
"949","id675","Mr",32,0,0,"3",1,"56.4958","S","Homme","Homme"
"950","id676","Mr",21,0,0,"3",0,"7.775","S","Homme","Homme"
"951","id677","Mr",18,0,0,"3",0,"7.75","S","Homme","Homme"
"952","id678","Mr",26,0,0,"3",0,"7.8958","S","Homme","Homme"
"953","id679","Master",6,1,1,"3",0,"15.2458","C","Homme","Enfant"
"954","id68","Miss",30,0,0,"1",1,"86.5","S","Femme","Femme"
"955","id680","Miss",9,1,1,"3",0,"15.2458","C","Femme","Enfant"
"959","id684","Mr",40,1,1,"3",0,"15.5","Q","Homme","Homme"
"960","id685","Mrs",32,1,1,"3",0,"15.5","Q","Femme","Femme"
"961","id686","Mr",21,0,0,"3",0,"16.1","S","Homme","Homme"
"962","id687","Miss",22,0,0,"3",1,"7.725","Q","Femme","Femme"
"963","id688","Miss",20,0,0,"3",0,"7.8542","S","Femme","Femme"
"964","id689","Mr",29,1,0,"3",0,"7.0458","S","Homme","Homme"
"965","id69","Mr",45,0,0,"1",1,"29.7","C","Homme","Homme"
"966","id690","Mr",22,1,0,"3",0,"7.25","S","Homme","Homme"
"967","id691","Mr",22,0,0,"3",0,"7.7958","S","Homme","Homme"
"968","id692","Mr",35,0,0,"3",0,"8.05","S","Homme","Homme"
"969","id693","Miss",18.5,0,0,"3",0,"7.2833","Q","Femme","Femme"
"970","id694","Mr",21,0,0,"3",1,"7.8208","Q","Homme","Homme"
"971","id695","Mr",19,0,0,"3",0,"6.75","Q","Homme","Homme"
"972","id696","Miss",18,0,0,"3",0,"7.8792","Q","Femme","Femme"
"973","id697","Miss",21,0,0,"3",0,"8.6625","S","Femme","Femme"
"974","id698","Miss",30,0,0,"3",0,"8.6625","S","Femme","Femme"
"975","id699","Mr",18,0,0,"3",0,"8.6625","S","Homme","Homme"
"976","id7","Miss",63,1,0,"1",1,"77.9583","S","Femme","Femme"
"978","id700","Mr",38,0,0,"3",0,"8.6625","S","Homme","Homme"
"979","id701","Mr",17,0,0,"3",0,"8.6625","S","Homme","Homme"
"980","id702","Mr",17,0,0,"3",0,"8.6625","S","Homme","Homme"
"981","id703","Miss",21,0,0,"3",0,"7.75","Q","Femme","Femme"
"982","id704","Mr",21,0,0,"3",0,"7.75","Q","Homme","Homme"
"983","id705","Mr",21,0,0,"3",0,"8.05","S","Homme","Homme"
"986","id708","Mr",28,0,0,"3",0,"7.7958","S","Homme","Homme"
"987","id709","Mr",24,0,0,"3",0,"7.8542","S","Homme","Homme"
"989","id710","Miss",16,0,0,"3",1,"7.75","Q","Femme","Femme"
"990","id711","Miss",37,0,0,"3",0,"7.75","Q","Femme","Femme"
"991","id712","Mr",28,0,0,"3",0,"7.25","S","Homme","Homme"
"992","id713","Mr",24,0,0,"3",0,"8.05","S","Homme","Homme"
"993","id714","Mr",21,0,0,"3",0,"7.7333","Q","Homme","Homme"
"994","id715","Mr",32,0,0,"3",1,"56.4958","S","Homme","Homme"
"995","id716","Mr",29,0,0,"3",0,"8.05","S","Homme","Homme"
"996","id717","Mr",26,1,0,"3",0,"14.4542","C","Homme","Homme"
"997","id718","Mr",18,1,0,"3",0,"14.4542","C","Homme","Homme"
"998","id719","Mr",20,0,0,"3",0,"7.05","S","Homme","Homme"
"999","id72","Mr",27,1,0,"1",0,"136.7792","C","Homme","Homme"
"1000","id720","Mr",18,0,0,"3",1,"8.05","S","Homme","Homme"
"1001","id721","ColM",24,0,0,"3",0,"7.25","Q","Homme","Homme"
"1002","id722","ColM",36,0,0,"3",0,"7.4958","S","Homme","Homme"
"1003","id723","ColM",24,0,0,"3",0,"7.4958","S","Homme","Homme"
"1004","id724","Mr",31,0,0,"3",0,"7.7333","Q","Homme","Homme"
"1005","id725","Mr",31,0,0,"3",0,"7.75","Q","Homme","Homme"
"1006","id726","Miss",22,0,0,"3",1,"7.75","Q","Femme","Femme"
"1007","id727","Miss",30,0,0,"3",0,"7.6292","Q","Femme","Femme"
"1008","id728","Mr",70.5,0,0,"3",0,"7.75","Q","Homme","Homme"
"1009","id729","Mr",43,0,0,"3",0,"8.05","S","Homme","Homme"
"1010","id73","Mrs",26,1,0,"1",1,"136.7792","C","Femme","Femme"
"1011","id730","Mr",35,0,0,"3",0,"7.8958","S","Homme","Homme"
"1012","id731","Mr",27,0,0,"3",0,"7.8958","S","Homme","Homme"
"1013","id732","Mr",19,0,0,"3",0,"7.8958","S","Homme","Homme"
"1014","id733","Mr",30,0,0,"3",0,"8.05","S","Homme","Homme"
"1015","id734","Master",9,1,1,"3",1,"15.9","S","Homme","Enfant"
"1016","id735","Master",3,1,1,"3",1,"15.9","S","Homme","Enfant"
"1017","id736","Mrs",36,0,2,"3",1,"15.9","S","Femme","Femme"
"1018","id737","Mr",59,0,0,"3",0,"7.25","S","Homme","Homme"
"1019","id738","Mr",19,0,0,"3",0,"8.1583","S","Homme","Homme"
"1020","id739","Miss",17,0,1,"3",1,"16.1","S","Femme","Femme"
"1021","id74","Miss",22,0,0,"1",1,"151.55","S","Femme","Femme"
"1022","id740","Mr",44,0,1,"3",0,"16.1","S","Homme","Homme"
"1023","id741","Mr",17,0,0,"3",0,"8.6625","S","Homme","Homme"
"1024","id742","Mr",22.5,0,0,"3",0,"7.225","C","Homme","Homme"
"1025","id743","Mr",45,0,0,"3",1,"8.05","S","Homme","Homme"
"1026","id744","Miss",22,0,0,"3",0,"10.5167","S","Femme","Femme"
"1027","id745","Mr",19,0,0,"3",0,"10.1708","S","Homme","Homme"
"1028","id746","Miss",30,0,0,"3",1,"6.95","Q","Femme","Femme"
"1029","id747","Mr",29,0,0,"3",1,"7.75","Q","Homme","Homme"
"1030","id748","Master",0.3333,0,2,"3",0,"14.4","S","Homme","Enfant"
"1031","id749","Mr",34,1,1,"3",0,"14.4","S","Homme","Homme"
"1033","id750","Mrs",28,1,1,"3",0,"14.4","S","Femme","Femme"
"1034","id751","Mr",27,0,0,"3",0,"7.8958","S","Homme","Homme"
"1035","id752","Mr",25,0,0,"3",0,"7.8958","S","Homme","Homme"
"1036","id753","Mr",24,2,0,"3",0,"24.15","S","Homme","Homme"
"1037","id754","Mr",22,0,0,"3",0,"8.05","S","Homme","Homme"
"1038","id755","Mr",21,2,0,"3",0,"24.15","S","Homme","Homme"
"1039","id756","Mr",17,2,0,"3",0,"8.05","S","Homme","Homme"
"1042","id759","Mr",36.5,1,0,"3",1,"17.4","S","Homme","Homme"
"1043","id76","ColM",47,0,0,"1",0,"25.5875","S","Homme","Homme"
"1044","id760","Mrs",36,1,0,"3",1,"17.4","S","Femme","Femme"
"1045","id761","Mr",30,0,0,"3",1,"9.5","S","Homme","Homme"
"1046","id762","Mr",16,0,0,"3",0,"9.5","S","Homme","Homme"
"1047","id763","Master",1,1,2,"3",1,"20.575","S","Homme","Enfant"
"1048","id764","Miss",0.1667,1,2,"3",1,"20.575","S","Femme","Enfant"
"1049","id765","Mr",26,1,2,"3",0,"20.575","S","Homme","Homme"
"1050","id766","Mrs",33,1,2,"3",1,"20.575","S","Femme","Femme"
"1051","id767","Mr",25,0,0,"3",0,"7.8958","S","Homme","Homme"
"1054","id77","Miss",39,1,1,"1",1,"83.1583","C","Femme","Femme"
"1055","id770","Mr",22,0,0,"3",0,"7.25","S","Homme","Homme"
"1056","id771","Mr",36,0,0,"3",0,"7.25","S","Homme","Homme"
"1057","id772","Miss",19,0,0,"3",1,"7.8792","Q","Femme","Femme"
"1058","id773","Mr",17,0,0,"3",0,"7.8958","S","Homme","Homme"
"1059","id774","Mr",42,0,0,"3",0,"8.6625","S","Homme","Homme"
"1060","id775","Mr",43,0,0,"3",0,"7.8958","S","Homme","Homme"
"1062","id777","Mr",32,0,0,"3",0,"7.75","Q","Homme","Homme"
"1063","id778","Mr",19,0,0,"3",1,"8.05","S","Homme","Homme"
"1064","id779","Miss",30,0,0,"3",1,"12.475","S","Femme","Femme"
"1065","id78","Mr",37,1,1,"1",0,"83.1583","C","Homme","Homme"
"1066","id780","Miss",24,0,0,"3",0,"7.75","Q","Femme","Femme"
"1067","id781","DrF",23,0,0,"3",1,"8.05","S","Femme","Femme"
"1068","id782","DrM",33,0,0,"3",0,"7.8958","C","Homme","Homme"
"1069","id783","Mr",65,0,0,"3",0,"7.75","Q","Homme","Homme"
"1070","id784","Mr",24,0,0,"3",1,"7.55","S","Homme","Homme"
"1071","id785","Mr",23,1,0,"3",0,"13.9","S","Homme","Homme"
"1072","id786","Mrs",22,1,0,"3",1,"13.9","S","Femme","Femme"
"1073","id787","Mr",18,0,0,"3",0,"7.775","S","Homme","Homme"
"1074","id788","Mr",16,0,0,"3",0,"7.775","S","Homme","Homme"
"1075","id789","Mr",45,0,0,"3",0,"6.975","S","Homme","Homme"
"1076","id79","Mrs",64,0,2,"1",1,"83.1583","C","Femme","Femme"
"1078","id791","Mr",39,0,2,"3",0,"7.2292","C","Homme","Homme"
"1079","id792","Mr",17,1,1,"3",0,"7.2292","C","Homme","Homme"
"1080","id793","Mr",15,1,1,"3",0,"7.2292","C","Homme","Homme"
"1081","id794","Mr",47,0,0,"3",0,"7.25","S","Homme","Homme"
"1082","id795","Miss",5,0,0,"3",1,"12.475","S","Femme","Enfant"
"1084","id797","Mr",40.5,0,0,"3",0,"15.1","S","Homme","Homme"
"1085","id798","Mr",40.5,0,0,"3",0,"7.75","Q","Homme","Homme"
"1087","id8","Mr",39,0,0,"1",0,"0","S","Homme","Homme"
"1088","id80","Mrs",55,2,0,"1",1,"25.7","S","Femme","Femme"
"1089","id800","Mr",18,0,0,"3",0,"7.7958","S","Homme","Homme"
"1093","id804","Mr",26,0,0,"3",0,"7.8792","Q","Homme","Homme"
"1096","id807","Miss",21,2,2,"3",0,"34.375","S","Femme","Femme"
"1097","id808","Miss",9,2,2,"3",0,"34.375","S","Femme","Enfant"
"1100","id810","Mr",18,2,2,"3",0,"34.375","S","Homme","Homme"
"1101","id811","Mr",16,1,3,"3",0,"34.375","S","Homme","Homme"
"1102","id812","Mrs",48,1,3,"3",0,"34.375","S","Femme","Femme"
"1105","id815","Mr",25,0,0,"3",0,"7.7417","Q","Homme","Homme"
"1108","id818","Mr",22,0,0,"3",0,"8.05","S","Homme","Homme"
"1109","id819","Miss",16,0,0,"3",1,"7.7333","Q","Femme","Femme"
"1110","id82","",70,1,1,"1",0,"71","S","Inconnu","Femme"
"1112","id821","Master",9,0,2,"3",1,"20.525","S","Homme","Enfant"
"1113","id822","Mr",33,1,1,"3",0,"20.525","S","Homme","Homme"
"1114","id823","Mr",41,0,0,"3",0,"7.85","S","Homme","Homme"
"1115","id824","Mrs",31,1,1,"3",1,"20.525","S","Femme","Femme"
"1116","id825","Mr",38,0,0,"3",0,"7.05","S","Homme","Homme"
"1117","id826","Master",9,5,2,"3",0,"46.9","S","Homme","Enfant"
"1118","id827","Master",1,5,2,"3",0,"46.9","S","Homme","Enfant"
"1119","id828","Master",11,5,2,"3",0,"46.9","S","Homme","Enfant"
"1120","id829","Miss",10,5,2,"3",0,"46.9","S","Femme","Enfant"
"1121","id83","Miss",36,0,2,"1",1,"71","S","Femme","Femme"
"1122","id830","Miss",16,5,2,"3",0,"46.9","S","Femme","Femme"
"1123","id831","Mr",14,5,2,"3",0,"46.9","S","Homme","Homme"
"1124","id832","Mr",40,1,6,"3",0,"46.9","S","Homme","Homme"
"1125","id833","Mrs",43,1,6,"3",0,"46.9","S","Femme","Femme"
"1126","id834","Mr",51,0,0,"3",0,"8.05","S","Homme","Homme"
"1127","id835","Mr",32,0,0,"3",0,"8.3625","S","Homme","Homme"
"1129","id837","Mr",20,0,0,"3",0,"9.8458","S","Homme","Homme"
"1130","id838","Mr",37,2,0,"3",0,"7.925","S","Homme","Homme"
"1131","id839","Mr",28,2,0,"3",0,"7.925","S","Homme","Homme"
"1132","id84","Mrs",64,1,1,"1",1,"26.55","S","Femme","Femme"
"1133","id840","Mr",19,0,0,"3",0,"7.775","S","Homme","Homme"
"1134","id841","Miss",24,0,0,"3",0,"8.85","S","Femme","Femme"
"1135","id842","Miss",17,0,0,"3",0,"7.7333","Q","Femme","Femme"
"1138","id845","Mr",28,1,0,"3",0,"15.85","S","Homme","Homme"
"1139","id846","Mrs",24,1,0,"3",1,"15.85","S","Femme","Femme"
"1140","id847","Mr",20,0,0,"3",0,"9.5","S","Homme","Homme"
"1141","id848","Mr",23.5,0,0,"3",0,"7.2292","C","Homme","Homme"
"1142","id849","Mr",41,2,0,"3",0,"14.1083","S","Homme","Homme"
"1143","id85","Mr",39,1,0,"1",0,"71.2833","C","Homme","Homme"
"1144","id850","Mr",26,1,0,"3",0,"7.8542","S","Homme","Homme"
"1145","id851","Mr",21,0,0,"3",0,"7.8542","S","Homme","Homme"
"1146","id852","Mrs",45,1,0,"3",1,"14.1083","S","Femme","Femme"
"1148","id854","Mr",25,0,0,"3",0,"7.25","S","Homme","Homme"
"1150","id856","Mr",11,0,0,"3",0,"18.7875","C","Homme","Enfant"
"1152","id858","Mr",27,0,0,"3",1,"6.975","S","Homme","Homme"
"1154","id86","Mrs",38,1,0,"1",1,"71.2833","C","Femme","Femme"
"1155","id860","Miss",18,0,0,"3",0,"6.75","Q","Femme","Femme"
"1156","id861","Miss",26,0,0,"3",1,"7.925","S","Femme","Femme"
"1157","id862","Miss",23,0,0,"3",0,"7.925","S","Femme","Femme"
"1158","id863","Miss",22,0,0,"3",1,"8.9625","S","Femme","Femme"
"1159","id864","Mr",28,0,0,"3",0,"7.8958","S","Homme","Homme"
"1160","id865","Miss",28,0,0,"3",0,"7.775","S","Femme","Femme"
"1162","id867","Miss",2,0,1,"3",1,"12.2875","S","Femme","Enfant"
"1163","id868","Mrs",22,1,1,"3",1,"12.2875","S","Femme","Femme"
"1164","id869","Mr",43,0,0,"3",0,"6.45","S","Homme","Homme"
"1165","id87","Mr",51,0,0,"1",1,"26.55","S","Homme","Homme"
"1166","id870","Mr",28,0,0,"3",0,"22.525","S","Homme","Homme"
"1167","id871","Miss",27,0,0,"3",1,"7.925","S","Femme","Femme"
"1170","id874","Mr",42,0,0,"3",0,"7.65","S","Homme","Homme"
"1172","id876","Mr",30,0,0,"3",0,"7.2292","C","Homme","Homme"
"1174","id878","Miss",27,1,0,"3",0,"7.925","S","Femme","Femme"
"1175","id879","Miss",25,1,0,"3",0,"7.925","S","Femme","Femme"
"1176","id88","Mr",27,0,0,"1",1,"30.5","S","Homme","Homme"
"1178","id881","Mr",29,0,0,"3",1,"7.8958","C","Homme","Homme"
"1179","id882","Mr",21,0,0,"3",1,"7.7958","S","Homme","Homme"
"1181","id884","Mr",20,0,0,"3",0,"7.8542","S","Homme","Homme"
"1182","id885","Mr",48,0,0,"3",0,"7.8542","S","Homme","Homme"
"1183","id886","Mr",17,1,0,"3",0,"7.0542","S","Homme","Homme"
"1186","id889","Mr",34,0,0,"3",0,"6.4958","S","Homme","Homme"
"1187","id89","Miss",33,0,0,"1",1,"151.55","S","Femme","Femme"
"1188","id890","Mr",26,0,0,"3",1,"7.775","S","Homme","Homme"
"1189","id891","Mr",22,0,0,"3",0,"7.7958","S","Homme","Homme"
"1190","id892","Mr",33,0,0,"3",0,"8.6542","S","Homme","Homme"
"1191","id893","Mr",31,0,0,"3",0,"7.775","S","Homme","Homme"
"1192","id894","Mr",29,0,0,"3",0,"7.8542","S","Homme","Homme"
"1193","id895","Master",4,1,1,"3",1,"11.1333","S","Homme","Enfant"
"1194","id896","Miss",1,1,1,"3",1,"11.1333","S","Femme","Enfant"
"1195","id897","Mr",49,0,0,"3",0,"0","S","Homme","Homme"
"1196","id898","Mr",33,0,0,"3",0,"7.775","S","Homme","Homme"
"1197","id899","Mr",19,0,0,"3",0,"0","S","Homme","Homme"
"1198","id9","Mrs",53,2,0,"1",1,"51.4792","S","Femme","Femme"
"1199","id90","Mr",31,1,0,"1",0,"52","S","Homme","Homme"
"1200","id900","Mrs",27,0,2,"3",1,"11.1333","S","Femme","Femme"
"1205","id905","Mr",23,0,0,"3",0,"7.8958","S","Homme","Homme"
"1206","id906","Mr",32,0,0,"3",1,"7.8542","S","Homme","Homme"
"1207","id907","Mr",27,0,0,"3",0,"7.8542","S","Homme","Homme"
"1208","id908","Miss",20,1,0,"3",0,"9.825","S","Femme","Femme"
"1209","id909","Miss",21,1,0,"3",0,"9.825","S","Femme","Femme"
"1210","id91","Mrs",27,1,2,"1",1,"52","S","Femme","Femme"
"1211","id910","Mr",32,0,0,"3",1,"7.925","S","Homme","Homme"
"1212","id911","Mr",17,0,0,"3",0,"7.125","S","Homme","Homme"
"1213","id912","Mr",21,0,0,"3",0,"8.4333","S","Homme","Homme"
"1214","id913","Mr",30,0,0,"3",0,"7.8958","S","Homme","Homme"
"1215","id914","Mr",21,0,0,"3",1,"7.7958","S","Homme","Homme"
"1216","id915","Mr",33,0,0,"3",0,"7.8542","S","Homme","Homme"
"1217","id916","Mr",22,0,0,"3",0,"7.5208","S","Homme","Homme"
"1218","id917","Miss",4,0,1,"3",1,"13.4167","C","Femme","Enfant"
"1219","id918","Mr",39,0,1,"3",1,"13.4167","C","Homme","Homme"
"1221","id92","Mr",31,1,0,"1",1,"57","S","Homme","Homme"
"1222","id920","Mr",18.5,0,0,"3",0,"7.2292","C","Homme","Homme"
"1227","id925","Mr",34.5,0,0,"3",0,"7.8292","Q","Homme","Homme"
"1228","id926","Mr",44,0,0,"3",0,"8.05","S","Homme","Homme"
"1232","id93","Mrs",17,1,0,"1",1,"57","S","Femme","Femme"
"1236","id933","Miss",22,2,0,"3",0,"8.6625","S","Femme","Femme"
"1237","id934","Mr",26,2,0,"3",0,"8.6625","S","Homme","Homme"
"1238","id935","Miss",4,0,2,"3",1,"22.025","S","Femme","Enfant"
"1239","id936","Mr",29,3,1,"3",1,"22.025","S","Homme","Homme"
"1240","id937","Mrs",26,1,1,"3",1,"22.025","S","Femme","Femme"
"1241","id938","Miss",1,1,1,"3",0,"12.1833","S","Femme","Enfant"
"1242","id939","Mr",18,1,1,"3",0,"7.8542","S","Homme","Homme"
"1243","id94","DrM",53,1,1,"1",1,"81.8583","S","Homme","Homme"
"1244","id940","Mrs",36,0,2,"3",0,"12.1833","S","Femme","Femme"
"1246","id942","Mr",25,0,0,"3",1,"7.2292","C","Homme","Homme"
"1248","id944","Miss",37,0,0,"3",0,"9.5875","S","Femme","Femme"
"1252","id948","Miss",22,0,0,"3",1,"7.25","S","Femme","Femme"
"1254","id95","Master",4,0,2,"1",1,"81.8583","S","Homme","Enfant"
"1255","id950","Mr",26,0,0,"3",1,"56.4958","S","Homme","Homme"
"1256","id951","Mr",29,0,0,"3",0,"9.4833","S","Homme","Homme"
"1257","id952","Mr",29,0,0,"3",0,"7.775","S","Homme","Homme"
"1258","id953","Mr",22,0,0,"3",0,"7.775","S","Homme","Homme"
"1259","id954","Mr",22,0,0,"3",1,"7.225","C","Homme","Homme"
"1265","id96","Mrs",54,1,1,"1",1,"81.8583","S","Femme","Femme"
"1266","id960","Mr",32,0,0,"3",0,"7.925","S","Homme","Homme"
"1267","id961","Mr",34.5,0,0,"3",0,"6.4375","C","Homme","Homme"
"1270","id964","Mr",36,0,0,"3",0,"0","S","Homme","Homme"
"1271","id965","Mr",39,0,0,"3",0,"24.15","S","Homme","Homme"
"1272","id966","Mr",24,0,0,"3",0,"9.5","S","Homme","Homme"
"1273","id967","Miss",25,0,0,"3",0,"7.775","S","Femme","Femme"
"1274","id968","Miss",45,0,0,"3",0,"7.75","S","Femme","Femme"
"1275","id969","Mr",36,1,0,"3",0,"15.55","S","Homme","Homme"
"1276","id97","Dona",50,1,0,"1",0,"106.425","C","Femme","Femme"
"1277","id970","Mrs",30,1,0,"3",0,"15.55","S","Femme","Femme"
"1278","id971","Mr",20,1,0,"3",1,"7.925","S","Homme","Homme"
"1280","id973","Mr",28,0,0,"3",0,"56.4958","S","Homme","Homme"
"1282","id975","Mr",30,1,0,"3",0,"16.1","S","Homme","Homme"
"1283","id976","Mrs",26,1,0,"3",0,"16.1","S","Femme","Femme"
"1285","id978","Mr",20.5,0,0,"3",0,"7.25","S","Homme","Homme"
"1286","id979","Mr",27,0,0,"3",1,"8.6625","S","Homme","Homme"
"1287","id98","Mrs",27,1,1,"1",1,"247.5208","C","Femme","Femme"
"1288","id980","Mr",51,0,0,"3",0,"7.0542","S","Homme","Homme"
"1289","id981","Miss",23,0,0,"3",1,"7.8542","S","Femme","Femme"
"1290","id982","Mr",32,0,0,"3",1,"7.5792","S","Homme","Homme"
"1294","id986","Mr",24,0,0,"3",1,"7.1417","S","Homme","Homme"
"1295","id987","Mr",22,0,0,"3",0,"7.125","S","Homme","Homme"
"1298","id99","Dona",48,1,0,"1",1,"106.425","C","Femme","Femme"
"1300","id991","Mr",29,0,0,"3",0,"7.925","S","Homme","Homme"
"1302","id993","Miss",30.5,0,0,"3",0,"7.75","Q","Femme","Femme"
"1305","id996","Mr",35,0,0,"3",0,"7.8958","C","Homme","Homme"
"1306","id997","Mr",33,0,0,"3",0,"7.8958","S","Homme","Homme"
